{
    "name": "root",
    "gauges": {
        "AI.Policy.Entropy.mean": {
            "value": 1.335077166557312,
            "min": 1.335077166557312,
            "max": 1.4148142337799072,
            "count": 9
        },
        "AI.Policy.Entropy.sum": {
            "value": 13286.6884765625,
            "min": 13286.6884765625,
            "max": 14849.8896484375,
            "count": 9
        },
        "AI.Environment.EpisodeLength.mean": {
            "value": 69.93700787401575,
            "min": 56.18390804597701,
            "max": 83.07894736842105,
            "count": 9
        },
        "AI.Environment.EpisodeLength.sum": {
            "value": 8882.0,
            "min": 8882.0,
            "max": 10633.0,
            "count": 9
        },
        "AI.Step.mean": {
            "value": 89984.0,
            "min": 9989.0,
            "max": 89984.0,
            "count": 9
        },
        "AI.Step.sum": {
            "value": 89984.0,
            "min": 9989.0,
            "max": 89984.0,
            "count": 9
        },
        "AI.Policy.ExtrinsicValueEstimate.mean": {
            "value": 7.002959251403809,
            "min": -1.440382957458496,
            "max": 8.022605895996094,
            "count": 9
        },
        "AI.Policy.ExtrinsicValueEstimate.sum": {
            "value": 1442.609619140625,
            "min": -298.1592712402344,
            "max": 1700.7923583984375,
            "count": 9
        },
        "AI.Environment.CumulativeReward.mean": {
            "value": 17.21732303288978,
            "min": -2.937168067535468,
            "max": 17.21732303288978,
            "count": 9
        },
        "AI.Environment.CumulativeReward.sum": {
            "value": 2186.600025177002,
            "min": -331.8999916315079,
            "max": 2406.0000212192535,
            "count": 9
        },
        "AI.Policy.ExtrinsicReward.mean": {
            "value": 17.21732303288978,
            "min": -2.937168067535468,
            "max": 17.21732303288978,
            "count": 9
        },
        "AI.Policy.ExtrinsicReward.sum": {
            "value": 2186.600025177002,
            "min": -331.8999916315079,
            "max": 2406.0000212192535,
            "count": 9
        },
        "AI.Losses.PolicyLoss.mean": {
            "value": 0.24118572106787456,
            "min": 0.24049198404700078,
            "max": 0.25180126063386293,
            "count": 9
        },
        "AI.Losses.PolicyLoss.sum": {
            "value": 19.53604340649784,
            "min": 16.593946899243054,
            "max": 19.643833784724666,
            "count": 9
        },
        "AI.Losses.ValueLoss.mean": {
            "value": 10.95219781186215,
            "min": 5.011833461184499,
            "max": 17.64842474603713,
            "count": 9
        },
        "AI.Losses.ValueLoss.sum": {
            "value": 887.1280227608343,
            "min": 395.9348434335754,
            "max": 1355.0856983684223,
            "count": 9
        },
        "AI.Policy.LearningRate.mean": {
            "value": 0.00024899063922534815,
            "min": 0.00024899063922534815,
            "max": 0.0002966596619830116,
            "count": 9
        },
        "AI.Policy.LearningRate.sum": {
            "value": 0.0201682417772532,
            "min": 0.0201682417772532,
            "max": 0.0226958516347162,
            "count": 9
        },
        "AI.Policy.Epsilon.mean": {
            "value": 0.18299687407407408,
            "min": 0.18299687407407408,
            "max": 0.19888655362318838,
            "count": 9
        },
        "AI.Policy.Epsilon.sum": {
            "value": 14.822746800000001,
            "min": 13.723172199999999,
            "max": 15.3652838,
            "count": 9
        },
        "AI.Policy.Beta.mean": {
            "value": 0.0005000000000000001,
            "min": 0.0005,
            "max": 0.0005000000000000001,
            "count": 9
        },
        "AI.Policy.Beta.sum": {
            "value": 0.04050000000000001,
            "min": 0.0345,
            "max": 0.04050000000000001,
            "count": 9
        },
        "AI.IsTraining.mean": {
            "value": 1.0,
            "min": 1.0,
            "max": 1.0,
            "count": 9
        },
        "AI.IsTraining.sum": {
            "value": 1.0,
            "min": 1.0,
            "max": 1.0,
            "count": 9
        }
    },
    "metadata": {
        "timer_format_version": "0.1.0",
        "start_time_seconds": "1716088718",
        "python_version": "3.10.12 | packaged by Anaconda, Inc. | (main, Jul  5 2023, 19:01:18) [MSC v.1916 64 bit (AMD64)]",
        "command_line_arguments": "D:\\Programs\\Anaconda3\\envs\\mlagents\\Scripts\\mlagents-learn config/AI_config.yaml --run-id=NPC",
        "mlagents_version": "1.1.0.dev0",
        "mlagents_envs_version": "1.1.0.dev0",
        "communication_protocol_version": "1.5.0",
        "pytorch_version": "2.3.0+cpu",
        "numpy_version": "1.23.5",
        "end_time_seconds": "1716089142"
    },
    "total": 423.7692846999853,
    "count": 1,
    "self": 0.01980169996386394,
    "children": {
        "run_training.setup": {
            "total": 0.14106570003787056,
            "count": 1,
            "self": 0.14106570003787056
        },
        "TrainerController.start_learning": {
            "total": 423.60841729998356,
            "count": 1,
            "self": 0.18500780081376433,
            "children": {
                "TrainerController._reset_env": {
                    "total": 48.43359510001028,
                    "count": 1,
                    "self": 48.43359510001028
                },
                "TrainerController.advance": {
                    "total": 374.72941059910227,
                    "count": 6702,
                    "self": 0.15843300090637058,
                    "children": {
                        "env_step": {
                            "total": 141.60717010125518,
                            "count": 6702,
                            "self": 130.2728143974673,
                            "children": {
                                "SubprocessEnvManager._take_step": {
                                    "total": 11.21998970216373,
                                    "count": 6702,
                                    "self": 0.4892685030354187,
                                    "children": {
                                        "TorchPolicy.evaluate": {
                                            "total": 10.730721199128311,
                                            "count": 5667,
                                            "self": 10.730721199128311
                                        }
                                    }
                                },
                                "workers": {
                                    "total": 0.11436600162414834,
                                    "count": 6701,
                                    "self": 0.0,
                                    "children": {
                                        "worker_root": {
                                            "total": 313.2637403989211,
                                            "count": 6701,
                                            "is_parallel": true,
                                            "self": 258.55614719958976,
                                            "children": {
                                                "steps_from_proto": {
                                                    "total": 0.004968799999915063,
                                                    "count": 1,
                                                    "is_parallel": true,
                                                    "self": 0.0010834000422619283,