{
    "name": "root",
    "gauges": {
        "AI.Policy.Entropy.mean": {
            "value": 1.060608983039856,
            "min": 1.057822346687317,
            "max": 1.4154751300811768,
            "count": 50
        },
        "AI.Policy.Entropy.sum": {
            "value": 10611.392578125,
            "min": 10499.00390625,
            "max": 14756.328125,
            "count": 50
        },
        "AI.Step.mean": {
            "value": 499987.0,
            "min": 9998.0,
            "max": 499987.0,
            "count": 50
        },
        "AI.Step.sum": {
            "value": 499987.0,
            "min": 9998.0,
            "max": 499987.0,
            "count": 50
        },
        "AI.Policy.ExtrinsicValueEstimate.mean": {
            "value": 15.960619926452637,
            "min": 7.434438705444336,
            "max": 16.361873626708984,
            "count": 50
        },
        "AI.Policy.ExtrinsicValueEstimate.sum": {
            "value": 3383.6513671875,
            "min": 1338.198974609375,
            "max": 3477.566162109375,
            "count": 50
        },
        "AI.Losses.PolicyLoss.mean": {
            "value": 0.2501475389734796,
            "min": 0.23827804462115207,
            "max": 0.2501475389734796,
            "count": 50
        },
        "AI.Losses.PolicyLoss.sum": {
            "value": 17.51032772814357,
            "min": 11.067760124798179,
            "max": 18.22924709287497,
            "count": 50
        },
        "AI.Losses.ValueLoss.mean": {
            "value": 0.139688175689778,
            "min": 0.13285598661673859,
            "max": 1.5378095162131067,
            "count": 50
        },
        "AI.Losses.ValueLoss.sum": {
            "value": 9.77817229828446,
            "min": 9.039384920563514,
            "max": 70.73923774580291,
            "count": 50
        },
        "AI.Policy.LearningRate.mean": {
            "value": 3.015733280502856e-06,
            "min": 3.015733280502856e-06,
            "max": 0.00029592403179343906,
            "count": 50
        },
        "AI.Policy.LearningRate.sum": {
            "value": 0.00021110132963519994,
            "min": 0.00021110132963519994,
            "max": 0.020953622615459196,
            "count": 50
        },
        "AI.Policy.Epsilon.mean": {
            "value": 0.10100521142857141,
            "min": 0.10100521142857141,
            "max": 0.19864134347826087,
            "count": 50
        },
        "AI.Policy.Epsilon.sum": {
            "value": 7.070364799999999,
            "min": 7.070364799999999,
            "max": 14.281738800000003,
            "count": 50
        },
        "AI.Policy.Beta.mean": {
            "value": 0.0005,
            "min": 0.0005,
            "max": 0.0005000000000000001,
            "count": 50
        },
        "AI.Policy.Beta.sum": {
            "value": 0.035,
            "min": 0.023000000000000003,
            "max": 0.037000000000000005,
            "count": 50
        },
        "AI.Environment.EpisodeLength.mean": {
            "value": 51.09424083769633,
            "min": 50.1958762886598,
            "max": 185.0,
            "count": 50
        },
        "AI.Environment.EpisodeLength.sum": {
            "value": 9759.0,
            "min": 9435.0,
            "max": 10393.0,
            "count": 50
        },
        "AI.Environment.CumulativeReward.mean": {
            "value": 29.689119170984455,
            "min": 25.03921568627451,
            "max": 29.973684210526315,
            "count": 50
        },
        "AI.Environment.CumulativeReward.sum": {
            "value": 5730.0,
            "min": 1277.0,
            "max": 5810.0,
            "count": 50
        },
        "AI.Policy.ExtrinsicReward.mean": {
            "value": 29.689119170984455,
            "min": 25.03921568627451,
            "max": 29.973684210526315,
            "count": 50
        },
        "AI.Policy.ExtrinsicReward.sum": {
            "value": 5730.0,
            "min": 1277.0,
            "max": 5810.0,
            "count": 50
        },
        "AI.IsTraining.mean": {
            "value": 1.0,
            "min": 1.0,
            "max": 1.0,
            "count": 50
        },
        "AI.IsTraining.sum": {
            "value": 1.0,
            "min": 1.0,
            "max": 1.0,
            "count": 50
        }
    },
    "metadata": {
        "timer_format_version": "0.1.0",
        "start_time_seconds": "1716162517",
        "python_version": "3.10.12 | packaged by Anaconda, Inc. | (main, Jul  5 2023, 19:01:18) [MSC v.1916 64 bit (AMD64)]",
        "command_line_arguments": "D:\\Programs\\Anaconda3\\envs\\mlagents\\Scripts\\mlagents-learn config/AI_config.yaml --run-id=NPC",
        "mlagents_version": "1.1.0.dev0",
        "mlagents_envs_version": "1.1.0.dev0",
        "communication_protocol_version": "1.5.0",
        "pytorch_version": "2.3.0+cpu",
        "numpy_version": "1.23.5",
        "end_time_seconds": "1716164236"
    },
    "total": 1719.5561195000046,
    "count": 1,
    "self": 0.024251200011349283,
    "children": {
        "run_training.setup": {
            "total": 0.14089729999250267,
            "count": 1,
            "self": 0.14089729999250267
        },
        "TrainerController.start_learning": {
            "total": 1719.3909710000007,
            "count": 1,
            "self": 1.066574100026628,
            "children": {
                "TrainerController._reset_env": {
                    "total": 10.408075200000894,
                    "count": 1,
                    "self": 10.408075200000894
                },
                "TrainerController.advance": {
                    "total": 1707.8353216999822,
                    "count": 37389,
                    "self": 0.9204364020115463,
                    "children": {
                        "env_step": {
                            "total": 408.3720745994069,
                            "count": 37389,
                            "self": 344.5936076002981,
                            "children": {
                                "SubprocessEnvManager._take_step": {
                                    "total": 63.113228299611364,
                                    "count": 37389,
                                    "self": 2.8208945015940117,
                                    "children": {
                                        "TorchPolicy.evaluate": {
                                            "total": 60.29233379801735,
                                            "count": 33361,
                                            "self": 60.29233379801735
                                        }
                                    }
                                },
                                "workers": {
                                    "total": 0.6652386994974222,
                                    "count": 37389,
                                    "self": 0.0,
                                    "children": {
                                        "worker_root": {
                                            "total": 1709.3968645004497,
                                            "count": 37389,
                                            "is_parallel": true,
                                            "self": 1432.5292620983528,
                                            "children": {
                                                "steps_from_proto": {
                                                    "total": 0.00042129999201279134,
                                                    "count": 1,
                                                    "is_parallel": true,
                                                    "self": 0.00019679998513311148,