{"count":1,"self":481.2938752,"total":482.7055818,"children":{"InitializeActuators":{"count":6,"self":0.0010087,"total":0.0010087,"children":null},"InitializeSensors":{"count":6,"self":0.00099739999999999985,"total":0.00099739999999999985,"children":null},"AgentSendState":{"count":9147,"self":0.038049,"total":0.0821605,"children":{"CollectObservations":{"count":1832,"self":0.0074769999999999993,"total":0.0074769999999999993,"children":null},"WriteActionMask":{"count":1832,"self":0.00099169999999999987,"total":0.00099169999999999987,"children":null},"RequestDecision":{"count":1832,"self":0.035642799999999995,"total":0.035642799999999995,"children":null}}},"DecideAction":{"count":9147,"self":1.2343773,"total":1.2343773,"children":null},"AgentAct":{"count":9147,"self":0.09318,"total":0.09318,"children":null}},"gauges":{},"metadata":{"timer_format_version":"0.1.0","start_time_seconds":"1716224028","unity_version":"2022.3.12f1","command_line_arguments":"D:\\Unity Hub\\Editor\\2022.3.12f1\\Editor\\Unity.exe -projectpath D:\\Project\\UnityProject\\AIGameJam -useHub -hubIPC -cloudEnvironment production","communication_protocol_version":"1.5.0","com.unity.ml-agents_version":"3.0.0-exp.1","scene_name":"SampleScene","end_time_seconds":"1716224511"}}