{"count":1,"self":424.4942592,"total":425.2338777,"children":{"InitializeActuators":{"count":6,"self":0.0025653,"total":0.0025653,"children":null},"InitializeSensors":{"count":6,"self":0.0015084999999999999,"total":0.0015084999999999999,"children":null},"AgentSendState":{"count":4185,"self":0.021939399999999998,"total":0.046050799999999996,"children":{"CollectObservations":{"count":745,"self":0.000995,"total":0.000995,"children":null},"WriteActionMask":{"count":745,"self":0.0035202999999999996,"total":0.0035202999999999996,"children":null},"RequestDecision":{"count":745,"self":0.019596099999999998,"total":0.019596099999999998,"children":null}}},"DecideAction":{"count":4185,"self":0.65849499999999994,"total":0.65849499999999994,"children":null},"AgentAct":{"count":4185,"self":0.0309978,"total":0.0309978,"children":null}},"gauges":{},"metadata":{"timer_format_version":"0.1.0","start_time_seconds":"1716234594","unity_version":"2022.3.12f1","command_line_arguments":"D:\\Unity Hub\\Editor\\2022.3.12f1\\Editor\\Unity.exe -projectpath D:\\Project\\UnityProject\\AIGameJam -useHub -hubIPC -cloudEnvironment production","communication_protocol_version":"1.5.0","com.unity.ml-agents_version":"3.0.0-exp.1","scene_name":"Training","end_time_seconds":"1716235019"}}