{
    "name": "root",
    "gauges": {
        "AI.Policy.Entropy.mean": {
            "value": 1.0572361946105957,
            "min": 1.0572361946105957,
            "max": 1.4248344898223877,
            "count": 31
        },
        "AI.Policy.Entropy.sum": {
            "value": 10517.3857421875,
            "min": 10517.3857421875,
            "max": 14738.48828125,
            "count": 31
        },
        "AI.Step.mean": {
            "value": 309991.0,
            "min": 9974.0,
            "max": 309991.0,
            "count": 31
        },
        "AI.Step.sum": {
            "value": 309991.0,
            "min": 9974.0,
            "max": 309991.0,
            "count": 31
        },
        "AI.Policy.ExtrinsicValueEstimate.mean": {
            "value": 7.808417797088623,
            "min": -8.278400421142578,
            "max": 8.845316886901855,
            "count": 31
        },
        "AI.Policy.ExtrinsicValueEstimate.sum": {
            "value": 1780.3192138671875,
            "min": -1473.5552978515625,
            "max": 1848.671142578125,
            "count": 31
        },
        "AI.Losses.PolicyLoss.mean": {
            "value": 0.24664260495610446,
            "min": 0.237049682312353,
            "max": 0.25112178906272464,
            "count": 31
        },
        "AI.Losses.PolicyLoss.sum": {
            "value": 17.511624951883416,
            "min": 14.340912310360007,
            "max": 19.157044659379483,
            "count": 31
        },
        "AI.Losses.ValueLoss.mean": {
            "value": 3.4049824907677717,
            "min": 0.7533619885510067,
            "max": 44.193753402376835,
            "count": 31
        },
        "AI.Losses.ValueLoss.sum": {
            "value": 241.7537568445118,
            "min": 56.5021491413255,
            "max": 3226.143998373509,
            "count": 31
        },
        "AI.Policy.LearningRate.mean": {
            "value": 0.000116907289199938,
            "min": 0.000116907289199938,
            "max": 0.00029634011501306545,
            "count": 31
        },
        "AI.Policy.LearningRate.sum": {
            "value": 0.008300417533195598,
            "min": 0.008300417533195598,
            "max": 0.022112243029252396,
            "count": 31
        },
        "AI.Policy.Epsilon.mean": {
            "value": 0.138969076056338,
            "min": 0.138969076056338,
            "max": 0.1987800379310345,
            "count": 31
        },
        "AI.Policy.Epsilon.sum": {
            "value": 9.866804399999998,
            "min": 9.866804399999998,
            "max": 15.055324399999998,
            "count": 31
        },
        "AI.Policy.Beta.mean": {
            "value": 0.0005,
            "min": 0.0005,
            "max": 0.0005000000000000001,
            "count": 31
        },
        "AI.Policy.Beta.sum": {
            "value": 0.035500000000000004,
            "min": 0.029000000000000005,
            "max": 0.03900000000000001,
            "count": 31
        },
        "AI.Environment.EpisodeLength.mean": {
            "value": 112.53398058252426,
            "min": 77.28125,
            "max": 294.4225352112676,
            "count": 31
        },
        "AI.Environment.EpisodeLength.sum": {
            "value": 11591.0,
            "min": 4942.0,
            "max": 20904.0,
            "count": 31
        },
        "AI.Environment.CumulativeReward.mean": {
            "value": 17.69607843137255,
            "min": -32.025,
            "max": 27.859375,
            "count": 31
        },
        "AI.Environment.CumulativeReward.sum": {
            "value": 1805.0,
            "min": -1281.0,
            "max": 1848.0,
            "count": 31
        },
        "AI.Policy.ExtrinsicReward.mean": {
            "value": 17.69607843137255,
            "min": -32.025,
            "max": 27.859375,
            "count": 31
        },
        "AI.Policy.ExtrinsicReward.sum": {
            "value": 1805.0,
            "min": -1281.0,
            "max": 1848.0,
            "count": 31
        },
        "AI.IsTraining.mean": {
            "value": 1.0,
            "min": 1.0,
            "max": 1.0,
            "count": 31
        },
        "AI.IsTraining.sum": {
            "value": 1.0,
            "min": 1.0,
            "max": 1.0,
            "count": 31
        }
    },
    "metadata": {
        "timer_format_version": "0.1.0",
        "start_time_seconds": "1716105643",
        "python_version": "3.10.12 | packaged by Anaconda, Inc. | (main, Jul  5 2023, 19:01:18) [MSC v.1916 64 bit (AMD64)]",
        "command_line_arguments": "D:\\Programs\\Anaconda3\\envs\\mlagents\\Scripts\\mlagents-learn config/AI_config.yaml --run-id=NPC2",
        "mlagents_version": "1.1.0.dev0",
        "mlagents_envs_version": "1.1.0.dev0",
        "communication_protocol_version": "1.5.0",
        "pytorch_version": "2.3.0+cpu",
        "numpy_version": "1.23.5",
        "end_time_seconds": "1716106925"
    },
    "total": 1281.7861403000006,
    "count": 1,
    "self": 0.01603620000059891,
    "children": {
        "run_training.setup": {
            "total": 0.13849190000109957,
            "count": 1,
            "self": 0.13849190000109957
        },
        "TrainerController.start_learning": {
            "total": 1281.631612199999,
            "count": 1,
            "self": 0.8260658004892321,
            "children": {
                "TrainerController._reset_env": {
                    "total": 12.71639309999955,
                    "count": 1,
                    "self": 12.71639309999955
                },
                "TrainerController.advance": {
                    "total": 1267.8038060995113,
                    "count": 27944,
                    "self": 0.7128251994308812,
                    "children": {
                        "env_step": {
                            "total": 446.1819015000219,
                            "count": 27944,
                            "self": 396.1703999001711,
                            "children": {
                                "SubprocessEnvManager._take_step": {
                                    "total": 49.515917799903036,
                                    "count": 27944,
                                    "self": 2.378007299845194,
                                    "children": {
                                        "TorchPolicy.evaluate": {
                                            "total": 47.13791050005784,
                                            "count": 25964,
                                            "self": 47.13791050005784
                                        }
                                    }
                                },
                                "workers": {
                                    "total": 0.4955837999477808,
                                    "count": 27943,
                                    "self": 0.0,
                                    "children": {
                                        "worker_root": {
                                            "total": 1205.2768227998276,
                                            "count": 27943,
                                            "is_parallel": true,
                                            "self": 920.6471354999576,
                                            "children": {
                                                "steps_from_proto": {
                                                    "total": 0.005132400001457427,
                                                    "count": 1,
                                                    "is_parallel": true,
                                                    "self": 0.0011473000013211276,
                                                    "children": {
                                                        "_process_rank_one_or_two_observation": {
                                                            "total": 0.003985100000136299,