{
    "name": "root",
    "gauges": {
        "AI.Policy.Entropy.mean": {
            "value": 1.477323055267334,
            "min": 1.4370721578598022,
            "max": 1.477323055267334,
            "count": 2
        },
        "AI.Policy.Entropy.sum": {
            "value": 14844.142578125,
            "min": 14669.6328125,
            "max": 14844.142578125,
            "count": 2
        },
        "AI.Step.mean": {
            "value": 19999.0,
            "min": 9999.0,
            "max": 19999.0,
            "count": 2
        },
        "AI.Step.sum": {
            "value": 19999.0,
            "min": 9999.0,
            "max": 19999.0,
            "count": 2
        },
        "AI.Policy.ExtrinsicValueEstimate.mean": {
            "value": 4.800151824951172,
            "min": 4.443974018096924,
            "max": 4.800151824951172,
            "count": 2
        },
        "AI.Policy.ExtrinsicValueEstimate.sum": {
            "value": 24615.1796875,
            "min": 11998.73046875,
            "max": 24615.1796875,
            "count": 2
        },
        "AI.Losses.PolicyLoss.mean": {
            "value": 0.24342586296407628,
            "min": 0.24006496150590975,
            "max": 0.24342586296407628,
            "count": 2
        },
        "AI.Losses.PolicyLoss.sum": {
            "value": 20.44777248898241,
            "min": 14.403897690354585,
            "max": 20.44777248898241,
            "count": 2
        },
        "AI.Losses.ValueLoss.mean": {
            "value": 0.4864817886056031,
            "min": 0.4864817886056031,
            "max": 1.152599158946135,
            "count": 2
        },
        "AI.Losses.ValueLoss.sum": {
            "value": 40.86447024287066,
            "min": 40.86447024287066,
            "max": 69.1559495367681,
            "count": 2
        },
        "AI.Policy.LearningRate.mean": {
            "value": 0.00029096866015330475,
            "min": 0.00029096866015330475,
            "max": 0.00029621474126175325,
            "count": 2
        },
        "AI.Policy.LearningRate.sum": {
            "value": 0.0244413674528776,
            "min": 0.017772884475705197,
            "max": 0.0244413674528776,
            "count": 2
        },
        "AI.Policy.Epsilon.mean": {
            "value": 0.19698955238095234,
            "min": 0.19698955238095234,
            "max": 0.19873824666666667,
            "count": 2
        },
        "AI.Policy.Epsilon.sum": {
            "value": 16.547122399999996,
            "min": 11.9242948,
            "max": 16.547122399999996,
            "count": 2
        },
        "AI.Policy.Beta.mean": {
            "value": 0.0005000000000000001,
            "min": 0.0005000000000000001,
            "max": 0.0005000000000000001,
            "count": 2
        },
        "AI.Policy.Beta.sum": {
            "value": 0.04200000000000001,
            "min": 0.030000000000000006,
            "max": 0.04200000000000001,
            "count": 2
        },
        "AI.Environment.EpisodeLength.mean": {
            "value": 0.9526881720430107,
            "min": 0.9526881720430107,
            "max": 2.8051750380517504,
            "count": 2
        },
        "AI.Environment.EpisodeLength.sum": {
            "value": 4873.0,
            "min": 4873.0,
            "max": 7372.0,
            "count": 2
        },
        "AI.Environment.CumulativeReward.mean": {
            "value": 5.034631187634514,
            "min": 4.996973732986239,
            "max": 5.034631187634514,
            "count": 2
        },
        "AI.Environment.CumulativeReward.sum": {
            "value": 25732.0,
            "min": 13127.049996554852,
            "max": 25732.0,
            "count": 2
        },
        "AI.Policy.ExtrinsicReward.mean": {
            "value": 5.034631187634514,
            "min": 4.996973732986239,
            "max": 5.034631187634514,
            "count": 2
        },
        "AI.Policy.ExtrinsicReward.sum": {
            "value": 25732.0,
            "min": 13127.049996554852,
            "max": 25732.0,
            "count": 2
        },
        "AI.IsTraining.mean": {
            "value": 1.0,
            "min": 1.0,
            "max": 1.0,
            "count": 2
        },
        "AI.IsTraining.sum": {
            "value": 1.0,
            "min": 1.0,
            "max": 1.0,
            "count": 2
        }
    },
    "metadata": {
        "timer_format_version": "0.1.0",
        "start_time_seconds": "1716174598",
        "python_version": "3.10.12 | packaged by Anaconda, Inc. | (main, Jul  5 2023, 19:01:18) [MSC v.1916 64 bit (AMD64)]",
        "command_line_arguments": "D:\\Programs\\Anaconda3\\envs\\mlagents\\Scripts\\mlagents-learn config/AI_config.yaml --run-id=NPC2",
        "mlagents_version": "1.1.0.dev0",
        "mlagents_envs_version": "1.1.0.dev0",
        "communication_protocol_version": "1.5.0",
        "pytorch_version": "2.3.0+cpu",
        "numpy_version": "1.23.5",
        "end_time_seconds": "1716174779"
    },
    "total": 180.92342419999477,
    "count": 1,
    "self": 0.014705099994898774,
    "children": {
        "run_training.setup": {
            "total": 0.16752980000455864,
            "count": 1,
            "self": 0.16752980000455864
        },
        "TrainerController.start_learning": {
            "total": 180.7411892999953,
            "count": 1,
            "self": 0.09740499958570581,
            "children": {
                "TrainerController._reset_env": {
                    "total": 9.163111100002425,
                    "count": 1,
                    "self": 9.163111100002425
                },
                "TrainerController.advance": {
                    "total": 171.22543500040774,
                    "count": 3127,
                    "self": 0.07849830032500904,
                    "children": {
                        "env_step": {
                            "total": 90.59455340029672,
                            "count": 3127,
                            "self": 87.47970780034666,
                            "children": {
                                "SubprocessEnvManager._take_step": {
                                    "total": 3.0638382000033744,
                                    "count": 3127,
                                    "self": 0.15716160026204307,
                                    "children": {
                                        "TorchPolicy.evaluate": {
                                            "total": 2.9066765997413313,
                                            "count": 1654,
                                            "self": 2.9066765997413313
                                        }
                                    }
                                },
                                "workers": {
                                    "total": 0.05100739994668402,
                                    "count": 3126,
                                    "self": 0.0,
                                    "children": {
                                        "worker_root": {
                                            "total": 103.54918840026949,
                                            "count": 3126,
                                            "is_parallel": true,
                                            "self": 90.29391360050067,
                                            "children": {
                                                "steps_from_proto": {
                                                    "total": 0.0005166000046301633,
                                                    "count": 1,
                                                    "is_parallel": true,
                                                    "self": 0.0002514000079827383,